Username,Password,Birthday ,ID
lunay36,bacondimes034,11/16/1997,QO-38-N7M5
gracei15,creditroadmate237,07/22/2004,NT-63-Z6M9
sophiay04,flowerssephora825,05/28/1999,OK-67-S1B2
lucasa72,kneelusc328,12/12/2004,ZV-27-V2M2
isabellai82,motherdefy413,08/27/2000,EQ-09-X2E4
jasonf32,importantburma139,09/18/1997,TB-46-K0E2
emmaj28,psychedelicballots342,04/28/2002,EN-69-A0S3
isabellal31,downtownviolations226,02/10/1998,NT-56-F9H3
alexanderr40,wishphenolic106,09/24/2002,KV-48-N5J2
danieli21,brashmanning345,11/23/1999,OY-65-J4J6
noahk26,culturedanastasia757,11/25/2004,NH-25-J0U8
abigailt25,overrateddisproportionately890,06/28/1997,JM-83-H0Q6
sophial08,drunkmint897,06/11/2001,IQ-59-Q6I2
oliviak30,sawsummarizes97,04/21/2004,SA-33-R9B2
ameliam74,snailexcuse547,11/21/1998,JQ-67-K6H8
ethans56,gruesomewhimsical464,06/27/1999,SC-25-H9H0
elijahs99,releasefixation826,07/21/2006,YV-02-K9W0
jamesi85,dirtlicensor89,02/08/2004,XB-66-E5W6
michaelv63,stupidpacific807,12/07/2002,WJ-35-L3B8
ethanj47,helplesscookery338,03/14/1999,ZU-05-P2U0
masond12,bottleetext461,06/29/1996,VN-03-C2U2
jamesd39,stripednonpoint641,06/29/2001,SU-94-O5F9
jacksonb88,promisepartnership34,04/04/1996,AO-15-X7G3
benjamini95,historydifferent53,07/13/2001,ZU-69-P1Y1
jacksonl38,suddenacetone380,06/30/2003,TE-60-P2J0
noahb41,glossycollegiate498,12/05/1995,VP-49-B1E7
harpers69,betterkrumble57,10/20/1999,PP-47-M2F4
isabellaf81,whineidp736,01/27/1996,RK-94-K4T3
emmal78,needledistinct765,08/01/2000,CQ-64-A4Y6
liamm16,rakegor50,06/11/1998,GF-25-F1U2
aideno73,breathsyndromes102,02/13/1998,KQ-88-W3U9
masonz29,nuttyrateitall251,10/22/1996,JN-84-U5O7
chloet03,beamnbsp24,09/23/2005,HO-93-I4P0
sophiap44,unknownguarantees167,04/24/2000,QD-67-W9R3
jasont10,overwroughtvillains171,11/25/2001,IZ-56-R7Z2
abigailz64,billowydominant763,12/24/2002,YY-57-P6O2
chloek48,uniteyoder309,11/11/1997,PH-81-D1I3
michaelb11,synonymousparent243,07/16/2003,IT-31-M6W0
jasonb22,gabbychangeset385,05/25/2001,TG-23-C4D2
sophiah83,fluffyfostering114,01/27/2005,HH-78-T6O8
danielh92,paddleencourage165,05/03/2002,TC-97-U2U9
masonv09,ratesprings99,03/10/1996,WT-60-J6I4
aidenr60,spikyyucca629,08/18/2001,FY-75-J7I9
sophiad07,deepaggregator505,05/11/1998,SL-17-O2F4
avay98,toucheducating131,06/21/2005,IL-16-B2A1
gracep55,marchceasefire869,05/13/2000,TW-61-R1P2
lunar18,eggdisseminating761,10/22/1996,AJ-15-A7L9
ethani77,naturaltw18,05/29/2004,YH-09-V5F0
olivian96,spydelicious406,11/14/1996,HO-59-M1U1
graces57,debtunrelated652,01/04/1998,XN-13-F9A3
liamv50,zonkedsexist726,07/18/2005,EG-64-M5Z2
abigaild84,delightfulmansion667,07/03/2004,EK-03-I0F1
jacksonn61,linengap166,02/09/1997,VM-69-O8H3
lucasc24,clammyericsson550,10/29/2003,DM-77-W0X4
lunab97,coachlighter264,02/22/2002,UO-73-H6F6
ethani27,prefermuted237,06/15/2001,AH-58-B7B8
sophiai13,snailscannabis697,07/02/2005,ZR-89-R8N2
lunai65,filthyvoyuerweb812,10/12/2001,KW-93-D5N6
ethans35,ablazetrade220,07/26/2003,YD-11-R2F4
chloem58,quixoticmccann454,07/26/2004,WC-35-W4A9
graceg02,hollowflocks831,11/19/2004,PK-61-K6V9
elijahk45,trailhappiest190,06/16/2003,YK-24-A4D9
aidenl67,hopdane130,11/04/2001,ZX-47-V0R5
elijaha51,rememberdisposition274,08/13/1996,GZ-16-D5P0
sophiaz68,lazyminnie817,01/02/1998,SA-86-G1E3
alexandern42,narrowdinnerware39,04/07/1996,DP-79-K6Z6
liamt20,knottlc171,12/23/2004,ZD-56-G4S5
liamd06,zoomsymbolism158,11/29/1998,SU-14-I6G1
emilyv37,cloudyventilation692,10/15/1998,XR-72-T2C7
michaelv66,rainstorminterviewees878,10/01/1997,WA-47-S6E8
masonk43,headyexpenditures12,07/25/2002,FH-02-T3O4
chloei70,scarceprominently880,06/13/2000,UU-20-Z2F5
abigailo14,bikelakota738,01/14/1998,HK-61-Y2Q7
isabellap17,blesstestimonials855,07/10/1997,WQ-76-S5E4
chloec75,weakweiter243,05/01/2006,RN-47-M0C2
jamesm33,scintillatingrara675,10/01/1996,ET-88-U5N3
jacksonc86,sizerant31,08/30/1998,VG-93-S4V0
chloei76,ovenvaluations311,02/03/1999,BT-37-B2C5
oliviag49,mixedlightness28,01/02/2001,GT-67-W4A5
masonp19,beaddiptera154,05/06/1996,VV-81-G8V1
lucasi94,traceorwell73,11/28/2005,ZH-60-O7F4
benjamind71,outstandingtougher554,03/08/1998,SM-33-A4I4
ameliav80,trickygonzales892,09/06/2002,BL-69-Y8J7
elijahc93,nicedory154,10/22/2004,MN-18-S6H2
avap62,bouncylogiciel776,06/26/2003,GU-58-Y0U8
ameliay52,garruloustouring447,08/20/1998,EX-27-C4J4
aidenj46,inconclusiveunit881,03/19/1999,PA-96-W3N8
ethanh54,tiresomejabber337,12/05/2001,RG-08-K0P9
sarahk59,capableamilo762,03/13/2005,EH-00-U8V2
sophiaz87,admitcorpo667,01/15/1998,UQ-36-D0T5
michaelr05,balanceenlarge307,09/03/2004,LM-72-V8G0
jamesb53,impresscommercialization893,04/19/2006,MQ-75-A5G2
sarahk34,diligentpinnacle728,07/26/2003,MN-71-Z8K0
ameliar01,depressednazionale524,08/01/2006,WA-56-L9I9
michaeld79,homeschuyler793,05/09/1996,YV-63-V7Y0
liamb91,squealingqantas130,08/07/1999,LS-87-M4C4
sophiah90,leanrestroom736,12/10/1996,SG-11-U7W0
emmaw00,copperanchored341,03/21/2002,SY-97-P2Q3
sophiar89,raincomming173,11/29/2000,PJ-93-L1G2
lunaa95,malemonoxide403,04/18/2002,XX-08-T5Z9
jacksonf99,feebleinstructing819,06/09/2000,SZ-94-B4E5
aidenq92,guitarsballoon250,03/06/2000,RA-72-S0E7
oliviaa80,regionsmiquelon592,11/12/2004,FM-43-V3X2
ethanj23,oscillatorsscreensaver704,09/15/1997,FV-89-X9M2
michaelg95,sanscarlyle545,02/05/1996,CV-85-R9A5
danielk56,dordognerush84,12/23/2002,JG-94-Q6X4
jasony88,addictivebaccalaureate391,03/24/1998,BW-90-P4N0
chloer15,bledpastor806,01/30/2005,CD-23-D7Q5
danielf33,paperweightstellenbosch472,11/12/2005,HW-23-X4E1
sarahf54,ihrbrocade379,12/07/2000,GE-98-L8H9
jacksonz39,packerspsyche565,05/20/1999,TM-98-M6H3
jacksonl80,bvbyproduct120,09/19/2006,YJ-76-U3U2
avah68,hswipes475,08/25/2000,XT-27-U7R6
lucass81,warwickcinch434,09/02/2004,DG-10-P4Y4
isabellaf65,homiesclaus93,11/12/1998,MX-10-X7A5
sarahp85,sskwaterside545,03/30/2001,PV-22-U3X8
emmas39,anglersmorton313,10/26/2003,XD-12-D0A5
avaa67,apportionedethnically612,07/14/2004,DL-20-S6X0
elijahr21,telesyrah270,12/23/2001,ZO-64-K0K5
avax78,tionalperish19,06/17/2000,LL-70-S8A1
jamesg94,mathematicallydressing829,03/03/1998,VP-62-N2G1
ameliaa57,alleyscaveman486,10/09/2000,ST-99-S9E7
avav76,naacareers688,04/21/2001,VA-85-D6P1
abigails20,divisionseliminates264,01/05/2000,IM-53-S6W9
abigailk18,cathtrekearth667,10/30/2000,GX-16-Q9M8
jacksony59,rsacougars73,07/23/2001,PN-67-G5Q5
ellaf05,oprahdewar722,01/24/1999,UJ-35-T9A0
noahk88,believingrevolving827,06/18/1996,TD-31-X6A6
aidena48,measurementssidewalks627,10/17/1997,YH-58-F7Z8
ethanm42,britanniasteroid261,12/01/2005,PO-67-Y6A8
harperu16,strategicallyq28,05/19/2005,LB-85-T1F0
sarahi03,cardinalitynber230,08/03/1996,RR-96-N7X4
michaelr57,blackberrypros512,12/23/1999,HH-20-J8O7
danielb28,vellumadriana281,08/10/2004,RN-22-K3H1
ethans67,acropolisprosite225,01/06/1996,SJ-08-K8A6
sarahk74,lymphocytesgai847,11/13/2003,CM-68-O5O4
sarahc00,escuelaprerequisites600,09/07/2006,NA-56-X5M7
harperm12,legalitygemini378,07/31/1999,SI-30-A8Z2
oliviax42,slantprioritized730,02/05/2002,IO-62-S2P4
oliviac58,commerciolingerie651,10/09/1996,PK-09-P5N8
jacksone54,ridderbist787,04/05/2003,OR-42-R8Q6
loganv75,nzdtimprisoned817,05/08/1999,IG-15-M8L5
lunam51,ecstasyzt145,12/24/1998,PP-62-N9F8
benjaminc87,neuropathymaggie471,02/21/2006,VF-43-J2C3
michaelg92,kenaiferrite581,11/10/2004,WO-25-R5Z2
noahk66,astraydependability640,10/21/2003,UQ-74-F5X5
emilyl36,franciscantradeoffs577,07/07/1999,RJ-24-D9B0
abigailj94,yearsnforce195,10/18/2004,XC-13-H1U6
ameliaw60,itmdecanter833,08/15/1997,ZP-22-J9X9
avav06,aforesaidkits377,08/06/2006,QH-56-C1Q6
noahw25,cataloguingdepartmental731,02/08/2005,HC-22-Y3A4
benjaminc71,tourmalinepeaked321,03/18/2001,OR-30-G9N9
elijahe45,estuariessheehan733,12/22/2005,BD-82-R6I6
chloey83,wessonpartition890,11/18/2002,TX-34-H2C2
emilyt30,mccarthygardenjewelrykids239,04/01/1998,ZU-41-N5E8
abigailx20,vlansbarbra727,09/22/1998,JK-74-R4R4
loganu09,mindingcph324,11/11/1998,HF-40-R9T5
abigails19,bertproducers590,09/30/2002,NN-76-L8N6
logank31,magnificentnut293,05/04/2001,ES-42-J9Z3
mias90,uncomplicatedcrete489,04/24/2005,VS-89-B8V9
sarahk54,forgonaa128,07/07/2002,ZW-71-M6J7
jasoni33,mamtitles446,05/07/1997,LU-19-G7E4
elijaha93,mikhaillookin117,05/13/1997,ZN-13-B8R1
harperd04,hfopenid549,12/03/2002,ZR-50-E2N2
loganw19,workerfleece237,12/18/2004,FF-37-L1N7
aidenc36,bbciatleast604,05/13/2002,VY-20-H6Q0
ellay09,consistedear522,01/18/2000,OJ-75-Y4D0
sophiaa43,infocuspoorest82,04/13/2002,KJ-33-L1O4
sophiad47,computerizedenlightened866,07/20/2006,YC-90-Y6Y2
isabellam72,verbcolumn565,12/06/2002,LU-95-L9S2
ethanu21,peachregisters564,05/16/2003,YQ-67-F8S1
emmai26,unveilsinformally68,04/28/2004,IX-40-Y8G9
jacksonf38,seiuworthless451,10/01/2003,XD-97-B8E7
oliviao25,berlusconiboard622,05/13/1997,GT-74-P1N4
miau64,abrahamdavenport243,03/27/1997,WP-86-V8Q7
jasoni95,wickedophelia651,11/02/1998,DK-62-C8T9
liamn42,norepinephrinecraig503,01/22/1998,AL-73-Z8C8
ameliam61,opturadegradation708,11/19/2001,XD-11-M3B2
isabellak12,andrademelon541,06/16/1999,NZ-55-R2J0
elijahn97,stadebandwidth618,09/30/2002,BM-98-T7S0
emmaf21,dprkpermanent32,01/24/2002,JS-82-X0K2
sophiar24,targetmultimeter404,02/26/1999,NH-95-V1K3
alexanderq86,plentyun417,01/12/2003,UQ-68-M5C3
masons90,ephedrineresonance178,04/23/1996,UL-94-I0X2
daniels36,ladynile497,04/18/2002,DW-40-Y6L5
oliviac22,aguirrewhims54,09/23/2003,WQ-29-V9T7
sophias10,ramenrk258,04/20/1999,YT-12-H8A4
jasonx70,talbotstravinsky272,08/10/2002,XZ-29-Y9A2
lucash52,jeromeparalympic816,11/20/2002,AY-96-A1F1
elijahx79,lundyh15,04/22/2003,YU-96-D0D2
isabellan64,rehabilitationpjm382,04/20/2001,LQ-51-T9R4
emmam01,bizwomenfluxes435,09/18/2001,GR-35-C8X6
logany92,zdnicknames539,06/04/2003,FJ-33-T2W2
saraha26,davreacts447,05/12/2002,FP-36-E6X4
sarahg68,lightersheldon849,05/19/2005,JA-05-J7N8
abigaila79,vegetableleben245,07/27/2000,BT-91-S6E9
aidene49,freewaydeducted170,02/07/1999,EI-52-L2F8
abigailh74,vcimentors825,03/03/1997,BS-40-T0O3
yarae30,broiledberlusconi772,11/23/2004,QG-96-I5Y2
daniloq93,kaysofficials170,08/10/1998,ZG-31-Y0G6
liq23,abstractedpearson294,06/24/2005,ID-50-B3O8
nehaa09,alitofootjobs69,05/17/1998,WS-49-I1V4
yousefc18,fontsbench758,03/01/2003,SA-24-R2M2
diegov48,verzeichnisentering783,05/06/2003,QZ-99-I1U1
kaoriq27,tvsworried573,09/22/1998,RN-00-A0G2
yousefk67,dpabooklet402,10/27/1998,YV-32-Y0B2
rashidr49,noveltiesrestarting68,11/12/2005,RC-07-S2R6
omarc27,bottomlineindycar649,03/14/2004,CO-43-T5F5
hassano49,distressfdid794,04/14/2006,CR-98-G0L8
kaorig39,spiesbursts863,03/01/2002,IO-89-I3R0
daniloy96,nthaffordability339,04/05/1999,SM-49-X7S6
hassanz60,voyeurmays566,04/25/1998,RF-27-S7M3
hassans32,organicallyjfk488,04/02/2000,DR-57-Q6J6
aliac87,bankingjigsaw145,11/15/2005,UY-52-P5G0
riyadw82,sunlessake118,07/26/2000,HU-05-K0L5
amirx49,nicosiaration523,05/29/2005,VD-20-K1E4
riyado96,pagemakerdesist391,08/11/2004,GS-72-N8Z6
aarava45,litcrocodile130,03/20/2004,TD-02-H4N8
sofíad25,amocofrye704,05/05/1997,XR-67-X8Z5
ayeshan44,fryeverde215,11/18/2002,YK-21-N0J5
sofíaw02,vbtoys195,09/02/2000,TF-24-N3Z0
hassanp21,saucytaxed228,11/28/2004,QA-10-M9Z3
zhangb17,shohog502,08/01/1999,DH-80-E5W6
yousefh44,composedenforced459,06/30/2002,FH-98-D4N3
linav47,frenziedassociazione41,03/02/2005,RP-31-Q3E4
meerac29,saltymacroscopic272,06/20/1999,UY-90-U7E0
sofíab93,shippersthumbzilla40,02/06/2006,JD-19-D0W1
hassanh24,boatersnom743,08/12/1999,DS-06-K4C0
sanav80,madonnainactivity619,09/05/1998,YV-00-V1Q8
linal27,bikealexandra356,10/14/1998,PE-06-S0N0
ahmedn70,beachconveniently550,09/08/1999,YH-68-S5I6
karinay70,sverigespecificity720,10/25/1998,WN-79-Y6Q0
youseff38,symantecretains94,08/22/1998,JO-36-S1C8
sanac93,senhaminimalist601,04/04/2005,ZU-93-C3P1
yousefp11,alcoholicpisses72,12/21/2002,JC-51-N0V3
karinab70,pianotaller102,07/26/1998,DI-82-T1N1
aliap98,perseverancespreadsheet739,06/23/2001,XP-67-X0D9
leic16,vetmicroscopy332,12/27/1997,HG-47-G8V5
diegom23,botanicaheroines869,05/11/2002,WS-04-N4S0
yousefv74,polymorphismsgeneralization831,12/31/1996,PH-78-T8C5
juanz63,differentiateautoblog778,03/09/2002,YQ-85-J2K5
fatimal63,latimerterminated495,10/23/1999,JC-98-M2R9
riyadc64,assumesviews310,12/31/2000,JS-41-C8T5
ayeshaq49,cytoskeletonharming75,12/14/2005,YN-02-X6R8
sofíaz87,frontiermanual391,11/15/1995,YP-77-C7C1
kaim75,cafepresspea657,04/03/2001,PH-01-O8Q0
aaravf56,horizontallyvarieties698,08/20/2005,TA-66-Y0P3
fatimak94,dormannights23,03/07/2001,SU-07-P8C7
yarap28,mortebloody542,07/01/2002,NH-58-Y5X0
amirq12,vodkagrew90,07/07/1997,RB-68-U0W7
mohammedh29,harpcaballero253,11/11/1995,BC-15-E4L2
linaj71,holdingsworld561,09/06/2002,NL-29-Y5Q6
aaravp03,caseloaderadication515,11/18/1995,VY-56-S0I5
rashidu36,infopopmanageable100,07/29/1998,EP-26-X7T1
sanal31,manoroakland882,02/11/2005,AI-00-T8B1
leil49,englewooddepeche66,06/06/2001,BR-80-Z9F3
kaorim41,leansbibl479,04/02/1999,KW-76-E4B4
rashidp11,collarssophistication610,10/22/1998,DV-91-O3I9
kail75,hallotrims194,11/26/2000,WD-19-P4J0
amirb54,catalinacurative495,08/08/2006,IS-58-T0L9
amirf55,powerballnuit790,02/14/2005,WP-40-R2L0
diegoc00,warehousesfarris779,07/08/1998,EI-28-N7V7
diegoj91,spiralmaritime708,04/30/1999,RI-36-N4Q5
danilol15,gamespotmvc486,01/27/2002,TD-64-X2C1
daniloy95,suiscalifornia158,03/16/2000,CG-60-P6I7
aliap42,resistedsexchat560,03/12/2003,EE-67-J0Z2
kain85,pottyconstructing434,11/29/2003,LZ-15-E3X9
aliah94,transductionmusgrave761,04/24/2001,LA-64-E9C2
sakurah50,educateddorm664,05/04/2000,ZF-78-I2N0
linai71,flahertysurroundings888,01/03/2005,CJ-61-E2O6
nadiax08,toriesjoiner446,06/15/1997,XD-77-U4D5
yarab82,asterswansea741,04/05/2001,QC-46-V6N7
juanm50,heartfeltprodigal595,11/18/2004,BN-01-Y6U4
fatimap65,saudisguidance513,03/18/1999,FT-66-E2G9
aliau03,tudordesirable902,12/16/2005,SB-22-J3O5
hassanh58,macyirt320,10/22/2002,NN-25-D2F2
diegok00,tiananmencrafted530,06/30/1998,XM-68-R9H6
aliay09,beautifullychronically179,06/13/2000,BR-05-E1Y8
yaraw49,productioperennial334,07/24/2005,EG-12-F5A0
zhangn10,condemnedadler841,04/15/2001,UW-41-H3R7
danilof52,spottingwatcher699,02/05/2003,TX-80-X8R9
neham89,motorhomessheik857,10/19/1999,TV-28-Y8A6
riyadq89,verizonplated761,04/27/1999,KG-95-U1X4
karinah00,interiorswebbing758,10/18/1998,YB-84-V6P1
sanal70,barriermav847,03/25/2005,PA-00-W4Z6
karinai81,firearmsys348,11/23/1996,JA-26-A5U4
ahmedv53,adrianshiite55,08/19/1999,LR-77-E6I1
omarf01,tenderingist676,11/29/1997,RP-52-Z6X1
sanak07,insistingblogging116,02/22/2005,NP-43-P2C4
aaravr95,obtainsprecipitated664,02/19/1998,RA-27-X2V0
sofíaj05,cyberhomelatham78,03/13/2002,QH-05-D0Z2
kaiz37,thefreedictionaryimmer295,08/03/1999,CQ-25-T6G0
meerag46,androidecx326,11/10/2005,KO-13-N3M3
selenaq49,nspimmense374,05/19/2001,YR-23-H6J1
sanaq84,townshipsexterior863,02/09/2000,VZ-83-J6M1
ahmedb04,hitchenspaducah317,03/28/2003,MQ-79-D8N9
karinaz88,osasoulful669,10/11/2001,BC-13-Z8S0
juanh85,xifeingold900,08/27/2006,RS-23-T8Y1
nadiaq70,donapittsfield109,05/29/2002,ED-49-W0K7
selenag95,dandruffpatel292,05/15/2001,TG-31-E9D2
aliao47,atlantapoison280,06/11/2002,SY-34-H4C8
linar16,laptopbrew537,07/04/2000,DN-58-O1R0
lik80,hoodieavn433,09/27/1996,CD-49-T8Z6
kaorih64,parablegoodie366,05/22/2000,AS-98-E1F7
yarak15,arrowsmanicure711,11/08/1995,DZ-32-I9G8
karinae55,truthsgabby85,04/24/2005,FE-76-S8Q9
lil46,nevisfountains637,12/17/1997,HI-06-R0A2
omarg58,behindtouch522,04/16/2002,JX-57-V2C9
karinaz64,massagersdeacon211,12/29/2003,RY-38-A1H3
meerab03,bankrollwarehouses524,04/23/2000,IP-65-F4A0
diegoe55,toughbookpancreas808,05/14/2004,MJ-73-J7Y4
karinay92,legitimatebrandywine825,10/16/1997,PL-43-S6A5
sanam35,taxinggaiman643,06/28/1999,TK-72-K9O6
sanaf41,xofanima443,01/09/2002,DC-73-Z6D2
sanav42,vijayawadalovingly336,07/14/2003,VH-23-I9I4
kaorit53,participatoryaurora273,03/07/2003,TO-91-H8W6
kaiq97,quaidsam232,04/06/1998,RA-69-Q3S0
nehan84,daughtertrousers248,06/14/2001,GD-87-V7B5
ahmedk94,marrbeveled908,03/06/2005,AI-07-Y7U4
hassanw16,underlietapestries510,01/11/2005,QG-71-Q6C7
ahmedt21,geekyimmigrants60,02/26/2006,YM-42-G7K3
mohammedz16,vittoriojennie77,01/14/2006,GP-57-R0S8
kaoriu04,cunningpublished703,05/15/2005,GB-71-J7P2
juanf68,pairedilcs113,09/08/2006,OX-12-X5F1
linaf43,naacpnicklaus289,12/22/1995,DA-91-M4S6
kaorig27,schaefferworkman641,07/10/2006,JG-08-N1M3
ayeshar85,aspergerbarium290,10/21/2002,JF-28-R4Z9
mohammedg32,farewellfronted632,12/10/2002,AR-67-I6C1
linav20,changesgrd800,04/06/2004,BM-95-Q0T3
fatimag92,habenhotspot706,05/18/1996,SI-52-Z3O0
sakuray01,mandateapplicants58,12/25/2003,HB-16-S5N7
mohammedw35,porchesrockwell560,07/02/2002,NO-03-B9M7
zhangz74,projektsolemnly866,10/31/1997,ON-46-C7L9
ayeshac86,miramarsexual882,06/21/2005,EA-40-M9D2
nehau48,mumerits674,08/30/2004,CX-17-W1H2
sofíaa96,transistortigard670,10/25/2002,AP-09-P6Z5
ahmedk90,typenamegmx308,08/29/2001,XR-23-K1Z9
ahmedw98,legislativebizarre647,03/12/2001,VJ-22-M9I5
sanal73,payablesselect770,09/19/1996,OU-33-P1Q6
riyadq05,menopauseassembly860,04/16/2006,ZD-67-X8Q5
diegom41,hghblackness462,04/29/2000,MV-23-B6O8
fatimab85,deuxmetrics742,07/28/1999,NK-61-L5F0
mohammedz21,fratidx897,03/22/1997,LX-06-T5Q0
mohammedc84,testimoniesdeployment755,06/27/2006,UK-75-O9G6
selenan85,foreclosuresdreamworks23,07/23/2005,LE-17-S7W3
leiw12,anchoragegrain862,04/27/2005,RE-57-U8A4
kaiq83,coordtossing587,05/04/1999,FR-61-S7Z2
zhangt66,salterwpointer610,06/10/2001,HE-53-V9L1
aliaz60,crowdieting383,04/19/2001,AK-46-N9Q3
kaic84,alphabeticsoa229,10/23/2002,VI-14-B1K5
riyady77,bioethicsoatmeal740,09/18/2004,OE-23-L6V6
lil66,horriblyoscars174,02/01/1998,AM-63-J5Z0
aaravx45,vsthighbury82,05/20/2006,BE-37-V9G4
ahmedi40,bufingkannur475,06/18/2006,HT-29-O5O3
mariamv45,hsiehpon414,12/08/2004,FX-59-K1X0
daniloo28,dvipsprefer158,03/15/1999,SY-91-M2C6
amirx37,tartscvr653,06/16/2001,NW-48-C4D4
diegon25,hoodyenoch178,12/13/1995,FD-70-B4Y7
aaravo01,verilycafta345,09/30/2006,RX-33-G5F2
meerap52,sighslegs192,05/15/2002,YQ-32-Y3Y4
hassane88,dozengodfrey247,12/17/2001,AH-76-U3U0
zhangn79,rockinhumans465,05/26/2000,WE-44-Z8X4
danilof56,corrsiti170,10/22/1996,SB-77-O2B3
leih58,bfdmoans29,09/06/2002,LL-17-P7L8
leiq85,krsmedi838,05/25/1998,CG-00-P9D2
lia14,desbeech619,11/02/2003,YE-81-C3D0
daniloz87,daggeragra529,12/12/1997,ZA-92-J5R1
aaravt63,gulfstreamdebadmin848,02/19/1999,BS-70-S5R5
aaravo91,hamperdatetime684,12/05/1998,JL-80-M1E9
nehal65,shireconstitutive633,10/14/2003,NL-75-O0W6
sofíao54,effortlesslymythology412,08/20/2002,UI-22-K0G1
leig58,bpuneven221,03/08/1996,FK-76-T2C8
youseft62,glaciersattacker92,08/02/1998,IR-81-O5X1
rashidz05,epochdeville285,11/27/1995,QR-89-V6N6
danilog08,exoticcomedic226,04/27/1999,LE-01-J8K1
nadiar83,groupiephones717,03/14/1997,XA-27-H7N4
selenam99,cynicaldomains70,11/15/2003,PE-25-K9T9
aliaq07,evaluatingrevision746,08/21/2000,KM-14-K9T5
zhangn32,graciouslyparamedic197,03/16/2003,BF-06-Y2T4
meerag77,eugeniafinalize344,06/10/1996,RG-80-G8N1
yarak59,intergenerationalunstoppable40,01/23/1997,RE-77-S2T7
mohammedp32,federationsjustifiable291,02/18/2006,CZ-92-C4H0
sofían94,annuallyphenylalanine589,09/03/2000,GQ-44-I2B0
ahmedz74,besidechula148,12/14/2002,FD-98-R7C5
selenab66,moldovansofter116,11/21/2001,NL-02-T2Z1
lie60,lebaneseleukemia87,07/30/2004,CO-32-C1E3
aliam56,symbolicnewswatch265,09/03/2005,OF-28-Q3E2
meeraw02,cantopp257,09/30/1998,KI-51-R8Y1
diegoz67,prologuecapote51,04/30/1997,RG-11-V5U2
fatimav20,radioheadalbums483,04/27/2005,TC-63-J7O4
sakuram47,pearlreconciliation135,08/20/2005,CY-70-X1F9
aaravy59,blockquotesplashing705,12/01/2003,HS-20-F8M0
hassani11,referralsnail851,03/10/2004,IX-17-K7T5
selenal48,farmingtoncolonia212,11/06/2005,TJ-79-K0O6
sanah30,majberths131,07/06/2002,AA-43-G9V2
fatimam32,latviadistal281,06/01/2001,GQ-20-Z1O9
linau09,imaouli77,10/20/1996,YZ-79-Y3L2
mariamm48,authorizesluxury273,03/25/2006,FE-00-Q5O6
lein12,officiatingnaturalizer125,01/02/1997,XR-50-J1M5
linas63,gloriouslaced199,11/15/1999,TS-81-S5T3
juanv76,leafletsfaster109,06/14/1998,FY-26-P8W6
ayeshae26,camargoalgorithms611,01/14/1997,GN-34-F4E1
omare15,rhettnmi189,08/01/1997,FY-19-C4E7
kaorit20,inductioninspire522,08/17/2004,GA-32-U2T8
aliat05,surplusamplitudes191,04/28/2001,PO-28-R8C3
sanaz12,acetateafp780,01/28/2006,WJ-47-U6F9
riyadp78,xibuckingham463,07/23/1998,LY-09-Q6N5
hassand85,rvingexamines386,05/10/2004,BV-95-X4Q9
fatimak91,archetypesneurobiology587,04/27/2003,KR-46-T6B0
yousefv25,gggregulations671,01/20/1996,NG-53-Q5K3
fatimai76,mythtvbeckett188,04/22/1999,TZ-60-X1F4
selenai92,bobsdames323,05/08/2002,LW-66-Z8R6
sakural26,ucraction798,04/08/2001,ZU-39-K9Q4
sofían92,modificationgree79,06/15/2001,JB-84-X3Z2
linal73,sassharrogate638,08/12/2000,LQ-43-R3N0
rashide51,sanctitymegan420,03/24/1996,ZJ-22-H5W9
ayeshas93,notifyingspills844,02/19/2000,QL-58-J5I5
liq04,ummmheidegger441,01/29/2001,KO-30-F8V9
kaoriy33,rimmingmenstruation147,10/20/2000,GY-87-N1F6
yarac65,perfectstatistically416,07/15/2005,DN-91-L1S6
kaiv01,drowningforex743,02/16/2006,BF-33-B7U3
leiu75,upgradedwhiteboard897,06/08/2000,BW-46-Z4I0
nehar36,immunolsilhouettes254,10/29/2000,SP-98-A2O0
ahmedc98,tehranwholesale332,12/29/1996,AE-75-N3U3
aaravg82,maxisdennis188,05/28/2004,FX-36-N9I7
selenan25,uncutmistakes329,08/23/2005,WU-54-Y8S4
diegou15,lucidaabrasive515,09/28/2002,AZ-87-P5E7
linab03,coynerelation168,01/27/2004,GC-62-H9I8
alias90,contihubby135,10/18/2005,TF-43-Z9C4
linam44,fluorescenceimpatience246,11/18/1995,SW-83-I5M0
zhangw07,controversyirrespective187,01/16/2006,FH-22-K2B0
selenao88,firmlychmod340,10/29/1999,JI-65-V7V0
mariamr61,htaccesssyllabus847,03/07/1999,UX-59-N6M9
hassank22,smohistorically178,03/29/2004,UF-20-M0P6
juanc45,seminolesequipment330,04/09/2003,KB-74-S5M0
amirh89,globeslol473,05/26/2003,XD-58-S8K9
ayeshar77,spapiped410,01/26/1998,CR-56-R0G3
riyadh55,heparindisassembly59,02/24/2001,WF-34-X2Z5
rashide37,whiteheaddil578,07/15/2003,AG-60-Y7S1
sofíab30,creditcardpassage216,07/10/2001,QU-59-F3W3
yousefj02,fijiaztec295,06/04/1997,MR-93-M3P2
riyadu60,micoembarking769,10/18/1996,TL-21-X6R2
riyadi57,kitchenaidfotosearch169,10/21/1999,UL-76-X1Z4
danilod91,immigrantsecos600,12/22/2005,FV-15-C2I3
mohammedq19,interlockingimprimir650,08/18/2002,BD-93-O0K9
yaray67,sundriesrisotto729,10/19/2002,QY-64-F5W8
mariaml69,closuresilvery631,12/25/2004,XD-04-V6N1
omarn09,pieterbce251,07/08/2001,VH-48-S3X6
leig20,beckeracs252,08/09/1999,RA-15-X0Z9
sakurar08,jocelynwrenching29,03/25/2000,QX-80-N2D8
leiy95,etcassini613,03/23/2003,CN-62-P2X4
juanr83,coniferbrianna590,12/21/2004,PJ-33-G3T1
ayeshae44,inspironadopt460,09/06/2006,DY-19-H0F5
riyadx20,rookiestriangles473,11/28/2003,XA-62-F3R8
amirt34,decreesafraid742,08/12/1996,UJ-44-N2V4
diegoi98,greenspanborden282,06/04/1996,FJ-23-J5Z5
fatimao66,unpatchedhighland408,10/27/1999,YE-38-R7L4
karinaj77,ilfordsources753,11/14/1999,DV-97-Q8Z1
meeraf93,environrevealing256,10/27/2005,KE-73-E0M9
ahmedl54,meritjohansen644,03/22/2004,LF-70-B2P6
mariams90,microscopesgovernance48,03/25/2005,OO-83-I8M4
mohammedz94,muellerunlimited755,06/03/2003,EV-19-B7F3
mohammedf55,ninththerewith31,05/08/2002,HT-07-C2D6
nehaf46,jdbcinsure230,12/24/1997,HY-63-A6L1
lix06,mouldsbarter334,06/28/1998,KI-97-B2R4
sofíar18,xssvital324,08/13/2005,CN-51-C8F2
juanw19,devaluationtems671,02/01/1998,UA-68-A1N2
rashidp05,outingmetro752,04/08/1997,TA-67-A1X7
linaq14,pzhonolulu205,04/05/2002,MQ-35-V7V7
sanao04,thereofcandor358,03/24/1996,LO-37-A4L5
karinak90,osgperturbed91,11/16/1996,DG-71-I5M0
aaravh31,worryingplated764,10/21/2001,UQ-69-J7E6
rashidb65,qualifiedcustard136,12/09/2000,TI-92-M7T2
diegol73,dominicagc212,10/27/2004,UB-60-Z1Y1
zhango90,inrtrellis835,05/30/2002,FL-53-N4Y2
daniloz05,potencyahmad257,03/21/2004,DP-81-A8Q3
lia81,completesprob880,05/10/2000,FE-27-Y2I9
aaravg59,chamattract785,03/05/1999,BW-27-P0F7
sanau68,whiplashdepths750,06/25/2002,OB-25-A9T6
juany75,hawleystratified568,02/20/1997,GV-68-D0R6
nadiaq37,ergocapella870,05/07/1999,AX-26-S0W0
aaravn78,goddardcompetitors83,03/27/2003,ZP-49-Z2C3
ahmede55,mroevite193,12/28/1999,GQ-92-S9I7
ayeshaz95,siltlockets618,03/26/2002,SJ-92-U3S6
ayeshae05,lupuscrocus56,05/19/1997,CO-74-A4N2
ahmedj37,successfulsupercharger444,06/18/1997,WQ-19-C1U5
mariama62,guerrerogame685,10/12/1995,PN-66-R9B6
sakurac84,stagnantboards115,08/01/2005,WL-25-V0B8
sanaz85,algresourceful714,01/27/2006,TG-45-M5R9
yousefa45,fdrinferior669,02/28/1997,FC-83-H5R3
mohammedo41,passportsautomates895,04/09/2004,XK-62-A3V5
kaio21,untimelyroster871,06/24/1999,XR-88-T2T6
riyadb45,deadwoodsymbiotic65,01/27/2000,SW-07-X5W6
amirp84,implantdrinker763,06/14/1999,VR-81-Q7X5
sofíaf04,vgnchars887,03/04/2002,MA-12-U4T6
nadiaa48,ipccgroundwater594,04/12/2003,IM-02-G4B0
kaorix67,bacteriophageannika192,09/30/1999,LX-22-I5W7
meerav82,jsaous899,11/22/2005,ZM-33-H8U3
gracel86,entiredeveloped738,02/28/2001,GU-11-G8M3
daniela70,bochwaldo486,10/19/2002,XQ-63-K7Y4
juanx03,gameprosev767,02/05/2003,NF-07-M9F1
ameliai26,depletingmadame214,06/20/1999,AD-05-K0L7
emmas46,sainsburycolony423,11/24/1999,BD-53-V3F4
meeran70,midtownquest54,09/30/2006,TX-44-B4F9
juanw38,lenafax549,04/03/1997,PD-81-T4B8
aidenz77,tiarasvonage866,02/11/2001,MT-04-G5W1
alexanders74,seqwoodville845,10/02/1998,RH-03-K1C5
ayeshaj05,unityviento673,01/07/2000,GI-17-K6N8
diegoe52,deductivekappa362,02/05/2001,JF-56-P7D2
karinaj52,intermentcommutative44,10/26/2003,ZB-67-Z1Z0
karinaj87,camouflagefools366,05/22/2005,CY-50-H9P3
chloeb05,gratefullypath770,08/18/2002,FR-51-D1E1
miae63,subtlemotions859,12/06/1995,QY-74-G8B0
jamesu49,swirlsparallel147,01/15/2003,HV-94-K6O2
ahmeds17,msdaffodil802,11/23/2000,ZN-50-R6J8
aaravs44,underwentliteral399,02/27/1997,HK-32-H7T0
ameliaw53,geoffinvaded255,09/14/2000,AX-48-S8J4
sakural36,satireenchanted322,05/02/2000,TH-03-E0T4
sofíaq47,mattresssimone722,06/04/2005,OZ-43-F7M2
emilyf92,hrcventa412,05/17/1998,GL-15-Q5B4
jacksonu36,prostitutesaikido84,02/09/2000,LN-93-G8D0
ahmedn07,interviewerbrig244,07/20/2006,DG-14-A8N1
jamesv39,drupalfunctions135,11/23/1997,DC-81-Y9I2
kaip51,hyipkroll523,10/21/2005,BT-96-Y7Y3
ellal08,nqrehabilitate614,12/18/2002,BQ-76-G4A4
oliviao85,anosgators499,12/01/2002,LM-80-K7H9
jacksonm40,updaterrtx763,05/25/1996,SR-86-K6H2
fatimau29,sulmignon399,08/22/2001,FX-99-K6G2
abigaili55,warnerthurrock464,06/09/2003,KE-94-Y4D6
sophiae66,faerytagline118,09/14/1998,TA-17-T7Z3
nadiao79,tourbabylon98,09/22/1999,GC-80-O1X4
jacksony44,siftseite79,11/25/1999,WZ-40-R4W9
aliah48,overstatedbeautiful609,03/25/1998,NU-14-R4Q8
leiv88,voluic75,02/26/1999,VH-44-P9U3
alexanderg26,acrylicswesson431,04/13/2000,SJ-72-Y7V3
ellaq70,accessoireseasel855,10/31/1997,PE-28-I0C3
danilow95,carcassonneaphis522,12/07/1999,BR-64-F9N0
amirz71,mamboindira504,09/19/2001,BF-25-W8V0
amirw64,perfectionspades369,01/03/1996,JR-97-O6K8
yarat01,communicatorhymns519,10/25/2004,VM-93-J6P1
karinap79,swisscapitalist531,09/02/1998,UP-04-J8P6
avap30,swankpinks53,01/30/2004,JM-19-A3R5
diegos13,shearsholiness337,08/12/2003,DY-47-H7W7
yousefo40,industrysmallpox909,10/14/2001,FD-26-L7R1
lunad54,domingoprescribed419,03/09/2000,TX-92-D1H9
jasonu31,directsmisha192,05/17/2003,FK-18-P4N4
lucasq49,skillfulmayfair401,12/14/2002,KO-18-G3Z2
ameliaj24,dissociationbrits433,05/08/1999,DF-16-J2V7
aliae55,dissolvespecialize704,02/05/2005,XS-82-R4E1
nehap57,salute249,11/05/2005,NE-58-K2I5
michaeld11,hartford216,11/07/2004,CB-00-D6T9
fatimap06,hamm127,05/15/2003,PV-67-U0M4
daniloc74,reference457,08/05/1998,AL-38-Q3O3
miaq80,concourse843,05/08/2004,ME-55-G4M5
alexandero56,scn245,02/02/2003,HT-54-J4A3
chloei47,carotene995,02/04/2005,KA-19-L6C7
aaravs26,flung830,09/19/2004,ZF-73-A1Z2
diegoi45,readers833,10/19/2000,TX-64-A8Q0
harperf99,realvideo868,04/02/2002,CD-11-F7F6
aval10,pollack303,01/10/1997,NQ-85-Q4I6
amirs43,bronte349,08/02/2000,WZ-49-K7I9
selenax08,dense531,04/04/2005,RQ-87-Y5S0
benjaminl29,gatlinburg350,01/11/2002,LX-10-K6X2
aidenq40,hargreaves256,09/18/1997,AO-07-G6Q3
michaelg18,apartamentos826,08/24/1998,QF-78-L5K7
emmad24,rb104,01/25/2003,WH-39-V4F3
chloel95,hypotheses681,06/14/1997,HC-98-B8A3
kaoric86,rushing607,11/15/1996,KH-29-F7Z5
chloeg70,drs849,10/31/1996,XU-04-R5O8
karinag72,icd999,08/29/2003,HS-73-A6L0
michaelr02,behaviour349,04/12/1996,EI-39-K0O5
avaw62,boucheron324,10/11/1996,ZF-43-E7T1
aidenh22,terrestrial453,05/15/1996,US-96-X0W5
omarw29,zuma865,10/05/2005,EA-15-B1S8
miav93,subway238,08/18/2002,OV-37-O1O8
hassana31,dawkins951,08/18/2002,QM-85-B4J5
hassanf58,coastal645,04/06/2006,SR-91-K7X7
rashidw61,fortress114,03/18/2006,OZ-60-Q1S0
lucasj52,diagram987,10/01/2003,BT-24-K4P7
omara67,kon146,05/24/1996,UI-43-E1W9
daniloq84,meatballs733,08/12/2005,BF-28-T5N2
sophial76,bordellchat692,12/16/1998,KE-17-M0T6
linam54,greets179,08/10/2001,AL-00-Q9T8
abigailc57,immunoglobulin344,10/21/2001,VJ-63-D6S8
ellae66,webmaster169,08/01/2000,ON-90-K6W8
isabellak23,snag512,02/13/2000,OK-80-S9I7
jamesl40,alloy243,01/05/1998,MP-69-F4Z5
elijahz80,nintendo824,11/04/2001,LR-32-V0A9
masony51,platte613,06/30/1999,ND-94-R3Q2
yarad00,overwhelmingly639,09/21/2003,QY-58-H0G3
aidena85,ei616,12/04/1997,JX-87-X8B7
ellaf16,headquarters859,10/09/2002,TC-11-M6V1
sophiau94,commanded481,02/18/1997,OK-55-K9Z1
oliviad99,qar756,10/13/2001,CX-85-U4I4
avag44,armaments787,03/28/2005,KQ-95-N0B3
elijahq10,lobster201,10/24/1998,GF-03-K4I2
sarahi75,archived224,03/12/2004,EF-91-N4E6
amiry35,interventions775,06/18/2002,CK-72-F1B0
ethani58,obsidian239,06/29/2005,SD-56-X7G0
juanq34,lesbien791,06/05/2000,CA-20-M6N7
elijahu11,hurry900,07/20/2003,UX-02-X3L0
oliviac82,ionization378,08/14/2002,XG-25-J6H8
daniloi12,momentum953,11/21/1999,EZ-44-I9I4
linaf19,panes389,12/25/2000,VD-15-M8F8
isabellai15,hem285,01/19/2002,LI-15-Y3H6
sakuraw36,pickled401,02/08/2003,VF-44-P4I5
zhangw37,ring748,04/19/1996,LH-73-H4X8
nehaj63,rerun166,01/04/1999,MM-80-M4N1
emmac52,listed712,09/01/2003,JY-87-B7K4
michaele94,aussi945,07/27/1999,JX-36-Y6W9
hassanm05,cordele128,06/16/2003,UL-28-K4S9
lucasn62,napoleon593,03/07/1998,IV-97-Y4L1
ellaf49,okt746,06/14/2001,EB-94-L0L8
abigailh99,unicode286,12/12/1998,NY-80-Z6S5
fatiman06,netherlands949,01/23/1998,AR-84-H1V1
ameliao73,deadly996,08/04/2000,LI-07-Q6A5
ayeshae63,lewisham422,06/12/2006,QB-20-L7P5
alexanderx14,funnier945,08/30/2000,IL-21-Z3M6
elijaht56,dusseldorf978,02/26/2002,LM-90-J5H1
yarai95,hurled116,05/19/1999,RQ-40-I0N2
emmaz66,memento439,10/14/2004,ZH-18-K8A2
yaran92,seta517,11/26/1996,TI-77-L9M4
nehaq61,nods315,11/30/2000,FI-54-W1E0
linar46,liaison167,07/14/1999,CP-23-R4H1
benjaminr51,maddy203,08/09/2000,KH-01-A1B5
zhangz71,connolly222,01/05/1999,TB-17-O2R8
mohammedk03,employability353,04/02/1996,AY-96-P8W8
riyadh89,redeemed434,09/13/2002,YL-53-A0J5
benjaminh70,ashok702,05/02/1997,HO-05-M5T4
rashidf66,hatcher240,11/04/2005,WE-84-X1E0
alexanderd38,might273,09/02/2003,CC-77-X1U7
yarag70,impaired147,07/06/2002,WT-19-F2Y5
harpers64,photocopy959,03/08/2005,JW-74-J3N0
liamm06,shaggy902,05/06/1999,UU-46-Z2U9
emilyf56,qar776,12/13/2001,QL-81-R7C2
masonb04,pyrex620,02/04/1996,ZP-36-D5T3
isabellap09,vouch198,08/02/2000,PE-21-E4I3
karinae60,compile474,07/22/1999,TL-44-N8M3
linak56,hci166,07/23/2004,YM-88-O0I7
ellaz66,chopin927,09/20/2001,EG-33-A3O6
emmal20,ridge966,03/20/2004,PT-15-X3L1
logank55,sling958,07/30/2003,QH-11-S6I4
kaorif31,mechanized345,06/29/2002,CY-42-A9R0
karinav57,childcare841,12/20/2000,OV-74-B1O7
graceg62,totem142,04/27/2005,DA-50-S6S0
ellam63,volunteering158,06/28/2004,GN-66-I2H0
danilos52,promised525,09/20/1998,HL-81-M3H3
fatimaf58,merciful914,11/18/2004,EI-15-A1R2
linac50,cytotoxicity843,01/22/1996,WX-71-V5Z2
karinau94,pii294,01/12/2000,ID-35-S7H6
kaoriw27,adults233,01/06/1999,QR-23-M6S5
rashidc05,lifelike296,02/01/2005,GU-04-G8J0
omarl73,dishes997,09/22/1999,YV-86-L2S1
abigailz18,covered832,02/08/2003,DZ-12-D9Z7
sanag63,lighters765,11/10/1996,FI-80-Z1T0
aaravt35,ambrosia894,06/28/2005,KB-52-X2X0
liamz06,assess175,09/21/2001,GC-27-N5H3
ameliaf15,tool276,09/08/2002,JL-18-Z1U9
jacksonb33,producten356,09/01/2003,HG-66-F8M1
michaely31,emitting730,09/04/2000,FD-88-G8R3
sanab32,instock206,07/27/2000,QG-09-A0P0
nehax41,catskill893,12/22/2000,JF-97-K1D6
yousefz31,dartmouth696,09/15/2003,NI-76-R9T4
ayeshai83,magi882,01/25/2006,ES-35-D6W2
ellaj73,ditto435,01/18/2001,HA-76-T6M6
loganp89,guidance989,03/07/2000,DA-94-R8T7
abigaili62,linearity892,04/29/1999,KG-77-E0D0
danielz26,installation314,01/27/1996,CZ-85-F2K8
aliak83,bloodshed277,02/27/2002,ZS-78-V1V0
ellad44,countered907,02/28/1996,RQ-21-Q1V5
jamess37,decorating935,10/21/2001,NJ-70-P6S8
riyadp09,seamen958,10/25/1996,JJ-28-X1H7
oliviaf44,kain616,08/22/1997,WX-23-S6M7
linam66,kimball308,04/21/2003,QC-22-X2N3
michaelb94,crn616,12/07/2004,ET-09-U8U3
yousefk31,canna660,05/27/2006,CE-36-G2N5
sanan54,annulment816,11/17/1999,BA-46-M2O4
oliviav22,kind145,06/28/2004,OF-35-P9K4
leia79,stylesheet674,11/22/1995,HE-73-G6G6
zhangu36,vitally969,10/22/2002,ZT-33-Y3C8
aaravc45,jessica486,04/24/1996,CM-89-O5X7
nehab73,armour399,03/27/2006,CD-16-L9D5
ayeshaf73,bootable316,09/05/2000,IP-58-M3X8
sofíam09,plantronics124,08/05/1996,PB-14-Z8E7
ahmede17,batting177,10/28/2000,FQ-44-B9Y5
zhangb82,kitts323,04/01/2004,DX-62-L9M8
jamesl73,qua230,02/12/1996,UQ-93-Q9G1
rashidy61,character808,05/04/2005,OU-36-Y2F2
emilyq43,clarity865,04/03/1999,UE-00-C3F3
sophiav91,despise741,07/20/2005,RA-09-D1A4
juani07,jeopardy520,06/27/1999,BN-07-C4K4
masonc24,arr122,12/02/1996,VH-99-T9W7
yarab67,prohibiting481,02/07/1999,VR-47-S5P9
noahx99,ashore962,09/07/2004,VP-93-Y9S3
amirj10,dshield967,07/26/2002,TM-09-O7W6
yousefe44,aeronautics790,04/10/2003,RJ-43-A8Q6
lucasq31,aprs640,05/20/1996,IZ-78-G4H1
ameliax63,beckham833,01/21/1999,KS-50-R2E3
salmaz12,romances749,07/20/1999,AC-12-F5X2
farahi35,benq860,01/22/2003,KA-13-G4Q0
matteop65,orally520,04/23/2000,EO-58-X6V6
malikr56,scour583,09/11/2005,KA-21-T9X0
danic53,appointee708,08/02/2004,NX-24-S8I2
navidm48,mock856,02/19/2005,NM-11-F5T1
hassano68,mitosis854,12/14/2005,SB-32-W8U6
kiany00,shelton661,07/01/2003,EU-93-F4A8
adelaw51,torres741,04/23/1998,JN-68-Q8L6
zainz85,diners667,11/02/1998,OF-31-P2N4
tariqa56,amtrak693,01/29/2005,QC-52-H0U2
santiagoe80,bunches859,06/13/2002,SA-49-E5Y0
abdulx53,his112,07/26/1996,XF-59-N5J0
samirab47,extrapolation901,07/27/1998,KE-15-L4Y1
parveenf39,babysitter645,01/18/2000,SK-07-I6A1
danis91,palmas636,09/02/2000,ZJ-28-L6S7
indraw36,sunsets297,05/06/1997,NV-08-G7U5
gonzaloj43,dunedin391,08/22/1996,AQ-84-Y5D6
farahw46,jayne308,03/01/1996,PT-81-U5H5
kiang82,zlib705,04/15/1997,LT-53-K0T6
alinac69,warrant969,01/17/2006,TL-56-Q6E6
karimw29,sarees271,04/12/2000,BV-34-D4N8
salmaa79,sprouts381,02/07/2002,HI-54-A8I6
omarq38,carver916,12/27/2001,ND-51-E1O1
priyam36,kc757,10/04/2001,EB-13-F9I8
indrac27,steels724,01/21/2000,DW-18-W0N7
priyaj27,introduced869,02/10/2004,NK-39-L5L2
zoyan85,contests729,01/26/2005,GX-93-D0F7
taliak05,peril177,06/07/2000,LX-88-K2T4
amiraj80,convoy252,11/22/2005,EQ-89-M9E1
kianl69,teleport483,02/25/1998,RF-14-Z5E2
salmag73,headgear688,04/28/2004,FI-95-F5E4
imanb88,brood741,12/10/1999,EH-52-M3L3
tariqo21,masquerade199,09/06/2002,CF-39-P4W0
priyaq60,gmt563,07/12/2005,OK-28-D0R5
leonk12,chirac842,08/10/2001,RN-60-Q4D1
yasminb54,hysteresis335,08/28/2005,QH-11-A3D9
samiras24,gforge293,01/22/2003,BZ-39-R3H0
raquelg71,imprinting840,12/13/2002,CM-22-J7F7
ravir88,bassinet707,11/22/2003,QO-90-Y4X3
elenaa40,worldsex984,02/28/2000,QT-93-Y2R6
ravim27,ray229,03/27/1998,RC-48-L2W4
fahadb72,alleviation956,04/17/2002,IZ-40-C0X5
raviu45,caliper521,09/03/2002,OR-54-I1R3
faroukr40,geese788,07/28/1999,JL-11-F5N7
karimh77,santa861,08/27/1997,BM-45-G7M5
gonzalop95,kevin485,04/17/2004,NU-60-U0F0
farahc38,connoisseurs666,09/24/2001,QU-55-U3L7
abdulf66,heatwave125,12/07/1998,SJ-39-P6F1
tariqo36,onstage440,06/19/1996,RX-89-M4V2
yasmini03,creuset593,12/05/1998,RC-56-B1W3
omark07,aron308,12/29/2005,YH-81-A4T6